<?xml version="1.0" encoding="utf-8" ?>
<!DOCTYPE article PUBLIC "-//NLM//DTD JATS (Z39.96) Journal Archiving
and Interchange DTD v1.2 20190208//EN" "JATS-archivearticle1.dtd">

<article xmlns:mml="http://www.w3.org/1998/Math/MathML" xmlns:xlink="http://www.w3.org/1999/xlink" dtd-version="1.2" article-type="other">

<front>


<article-meta>


<title-group>
<article-title>DNA methylation in Mytilus chileanis</article-title>
<subtitle>Epigenetic mechanisms of local adaptation</subtitle>
</title-group>

<contrib-group>
<contrib contrib-type="author" corresp="yes">
<contrib-id contrib-id-type="orcid">0000-0000-0000-0000</contrib-id>
<name>
<surname>Gallardo</surname>
<given-names>Cristian</given-names>
</name>
<string-name>Cristian Gallardo</string-name>

<email>cgallardo@udec.cl</email>
<role vocab="https://credit.niso.org" vocab-term="writing – original
draft" vocab-term-identifier="https://credit.niso.org/contributor-roles/writing-original-draft/">writing</role>
<xref ref-type="aff" rid="aff-1">a</xref>
<xref ref-type="corresp" rid="cor-1">&#x002A;</xref>
</contrib>
<contrib contrib-type="author" corresp="yes">
<contrib-id contrib-id-type="orcid">0000-0000-0000-0001</contrib-id>
<name>
<surname>Venezuala</surname>
<given-names>Valentina</given-names>
</name>
<string-name>Valentina Venezuala</string-name>

<email>vvenezuala@udec.cl</email>
<role vocab="https://credit.niso.org" vocab-term="writing – original
draft" vocab-term-identifier="https://credit.niso.org/contributor-roles/writing-original-draft/">writing</role>
<xref ref-type="aff" rid="aff-1">a</xref>
<xref ref-type="corresp" rid="cor-2">&#x002A;</xref>
</contrib>
<contrib contrib-type="author" corresp="yes">
<contrib-id contrib-id-type="orcid">0000-0000-0000-0002</contrib-id>
<name>
<surname>Roberts</surname>
<given-names>Steven</given-names>
</name>
<string-name>Steven Roberts</string-name>

<email>sr320@uw.edu</email>
<role vocab="https://credit.niso.org" vocab-term="writing – original
draft" vocab-term-identifier="https://credit.niso.org/contributor-roles/writing-original-draft/">writing</role>
<xref ref-type="aff" rid="aff-2">b</xref>
<xref ref-type="corresp" rid="cor-3">&#x002A;</xref>
</contrib>
</contrib-group>
<aff id="aff-1">
<institution-wrap>
<institution>University of Concepcion</institution>
</institution-wrap>







</aff>
<aff id="aff-2">
<institution-wrap>
<institution>University of Washington</institution>
</institution-wrap>







</aff>
<author-notes>
<corresp id="cor-1">cgallardo@udec.cl</corresp>
<corresp id="cor-2">vvenezuala@udec.cl</corresp>
<corresp id="cor-3">sr320@uw.edu</corresp>
</author-notes>









<history></history>


<abstract>
<p>We investigate genome-wide DNA methylation patterns in Mytilus
chilensis from two contrasting seedbeds—Cochamó and Yaldad—with the aim
of identifying differentially methylated regions (DMRs) that may
underlie local adaptation. By integrating this epigenetic information
with known patterns of gene expression and environmental context, we
seek to illuminate the molecular basis of ecological divergence and
contribute new insights into how environmental and anthropogenic forces
shape genomic and epigenomic variation in a key aquaculture species.</p>
</abstract>
<kwd-group kwd-group-type="author">
<kwd>DNA methylation</kwd>
<kwd>Mytilus chilensis</kwd>
<kwd>epigenetics</kwd>
<kwd>adaptation</kwd>
<kwd>aquaculture</kwd>
</kwd-group>




</article-meta>

</front>

<body>
<sec id="introduction">
  <title>Introduction</title>
  <p>Understanding how marine species respond to environmental
  heterogeneity is critical for conserving locally adapted populations
  and sustaining aquaculture practices in the face of global change. The
  Chilean blue mussel, Mytilus chilensis, a key endemic species in
  southern Chile, supports one of the world’s largest mussel aquaculture
  industries. However, the biological foundation of population-level
  adaptation in this species remains underexplored. Emerging evidence
  suggests that both genetic and epigenetic mechanisms—particularly DNA
  methylation—may contribute to phenotypic plasticity and local
  adaptation in marine invertebrates.</p>
  <p>Previous studies have revealed extensive transcriptomic and
  mitochondrial differences between M. chilensis populations from
  ecologically distinct seedbeds, such as Cochamó (41°S) and Yaldad
  (43°S), in the inner sea of Chiloé Island. These differences include
  differential expression of genes involved in immunity, metabolism, and
  cellular stress responses, as well as tissue-specific shifts in
  mitochondrial gene expression linked to local environmental pressures,
  including aquaculture practices and variable oxygenation levels
  (<xref alt="yevenes2021adaptive?" rid="ref-yevenes2021adaptive" ref-type="bibr"><bold>yevenes2021adaptive?</bold></xref>;
  <xref alt="yevenes2022adaptive?" rid="ref-yevenes2022adaptive" ref-type="bibr"><bold>yevenes2022adaptive?</bold></xref>).
  Experimental evidence from reciprocal transplants shows
  population-specific transcriptional responses and reduced growth
  performance upon translocation, highlighting functional divergence
  between seedbeds despite high larval connectivity
  (<xref alt="yevenes2025decoding?" rid="ref-yevenes2025decoding" ref-type="bibr"><bold>yevenes2025decoding?</bold></xref>).</p>
  <p>In addition to gene expression differences, recent work has
  uncovered epigenetic signatures that may contribute to adaptive
  divergence. Long non-coding RNAs (lncRNAs) were found to be
  differentially expressed between Cochamó and Yaldad populations, with
  associated changes in immune and metabolic gene networks
  (<xref alt="yevenes2023epigenetic?" rid="ref-yevenes2023epigenetic" ref-type="bibr"><bold>yevenes2023epigenetic?</bold></xref>).
  These findings underscore the potential for environmentally responsive
  regulatory elements—including DNA methylation—to mediate local
  adaptation.</p>
  <p>Yet, the role of DNA methylation in shaping population-specific
  responses in M. chilensis remains unexplored. DNA methylation, a
  heritable and reversible epigenetic modification, can influence gene
  expression and phenotypic traits without altering the underlying DNA
  sequence. In bivalves, DNA methylation is known to affect
  developmental and immune processes and may be responsive to
  environmental stressors such as hypoxia, toxins, and
  acidification—conditions that vary across the Chilean inner sea and
  have been shown to modulate gene expression and microbiota composition
  in M. chilensis
  (<xref alt="montufar2024hypoxia?" rid="ref-montufar2024hypoxia" ref-type="bibr"><bold>montufar2024hypoxia?</bold></xref>;
  <xref alt="castillo2017ocean?" rid="ref-castillo2017ocean" ref-type="bibr"><bold>castillo2017ocean?</bold></xref>;
  <xref alt="montufar2025microbiota?" rid="ref-montufar2025microbiota" ref-type="bibr"><bold>montufar2025microbiota?</bold></xref>).</p>
  <p>In this study, we investigate genome-wide DNA methylation patterns
  in Mytilus chilensis from two contrasting seedbeds—Cochamó and
  Yaldad—with the aim of identifying differentially methylated regions
  (DMRs) that may underlie local adaptation. By integrating this
  epigenetic information with known patterns of gene expression and
  environmental context, we seek to illuminate the molecular basis of
  ecological divergence and contribute new insights into how
  environmental and anthropogenic forces shape genomic and epigenomic
  variation in a key aquaculture species.</p>
  <sec id="methods">
    <title>Methods</title>
    <p>To investigate DNA methylation differences between populations of
    Mytilus chilensis from Cochamó and Yaldad, whole-genome bisulfite
    sequencing (WGBS) was performed and analyzed using a reproducible,
    high-throughput bioinformatics workflow. DNA was extracted from gill
    tissue of adult individuals and subjected to bisulfite treatment and
    library preparation. Libraries were sequenced on an Illumina NovaSeq
    6000 platform, generating 150 bp paired-end reads, with each sample
    yielding approximately 120–160 million read pairs, providing &gt;30×
    average coverage across the 1.93 Gb M. chilensis genome.</p>
    <sec id="read-processing-and-alignment">
      <title>Read Processing and Alignment</title>
      <p>Raw sequencing reads were processed using the nf-core/methylseq
      pipeline (version 2.5), implemented through Nextflow (version
      23.04.1). Reads were aligned to the M. chilensis reference genome
      (MchilensisGenomeV1.fa), a chromosome-level assembly comprising 14
      scaffolds (Gallardo-Escárate et al. 2023), using Bismark (version
      0.24.1) with the Bowtie2 aligner (version 2.5.1). Quality trimming
      was applied to reverse reads by hard-clipping the final 10 bases
      (–clip_r2 10) to mitigate low-quality base calls at the 3′ end.
      Methylation calls were extracted using the Bismark methylation
      extractor and aggregated by cytosine context. Pipeline execution
      was configured via a custom .config file to specify HPC resources
      and run with –resume, –with-trace, –with-report, and
      –with-timeline flags for reproducibility and tracking. Output
      files were stored in a structured directory and included per-base
      CpG methylation calls, quality control metrics, and coverage
      files.</p>
    </sec>
    <sec id="methylation-data-processing-and-filtering">
      <title>Methylation Data Processing and Filtering</title>
      <p>Downstream analysis was performed in R (version 4.3.1) using
      the methylKit package (version 1.10.0). Due to compatibility
      issues with newer versions of supporting libraries, data.table was
      pinned to version 1.14.10. Methylation coverage files were
      imported using methRead() with the pipeline = “bismarkCoverage”
      parameter and CpG context specified. Six samples—three each from
      Cochamó (LCo_BSr1–3) and Yaldad (LYa_BSr1–3)—were analyzed.
      Samples were assigned to treatment groups with Cochamó designated
      as the control (treatment = 0) and Yaldad as the treatment group
      (treatment = 1).</p>
      <p>To ensure data quality, CpG sites were filtered to retain only
      those with a minimum read coverage of 10 in all samples, excluding
      those in the top 2% of coverage values to reduce PCR bias. Sites
      were then unified across samples using unite() with min.per.group
      = 3 and destrand = FALSE to retain strand-specific methylation
      information.</p>
    </sec>
    <sec id="exploratory-and-differential-methylation-analyses">
      <title>Exploratory and Differential Methylation Analyses</title>
      <p>Global methylation patterns were assessed using hierarchical
      clustering (Ward’s method on correlation distance) and principal
      component analysis (PCA) to evaluate sample similarity.
      Population-level differences in DNA methylation were then tested
      using methylKit’s logistic regression model, incorporating a
      multinomial overdispersion correction (overdispersion = “MN”) to
      account for biological variability. Statistical testing was
      performed using the Chi-squared test (test = “Chisq”), and
      q-values were adjusted for multiple testing using the SLIM method
      (adjust = “SLIM”).</p>
      <p>Differentially methylated loci (DMLs) were defined as CpG sites
      with an absolute methylation difference ≥25% and FDR-adjusted
      q-value ≤ 0.05. Separate sets of DMLs were extracted to identify
      hypomethylated (lower in Yaldad) and hypermethylated (higher in
      Yaldad) loci. Results were saved as tab-delimited text files for
      downstream annotation and visualization.</p>
    </sec>
  </sec>
</sec>
</body>

<back>
</back>

<sub-article article-type="notebook" id="nb-4-nb-1">
<front-stub>
<title-group>
<article-title>Explore Earthquakes</article-title>
</title-group>
<contrib-group>
<contrib contrib-type="author">
<name>
<surname>Wickham</surname>
<given-names>Charlotte</given-names>
</name>
<string-name>Charlotte Wickham</string-name>

</contrib>
</contrib-group>
</front-stub>

<body>
<sec specific-use="notebook-content">
<code language="r script">library(tidyverse)
</code>
<boxed-text>
  <preformat>── Attaching core tidyverse packages ──────────────────────── tidyverse 2.0.0 ──
✔ dplyr     1.1.4     ✔ readr     2.1.5
✔ forcats   1.0.0     ✔ stringr   1.5.1
✔ ggplot2   3.5.2     ✔ tibble    3.3.0
✔ lubridate 1.9.4     ✔ tidyr     1.3.1
✔ purrr     1.1.0     
── Conflicts ────────────────────────────────────────── tidyverse_conflicts() ──
✖ dplyr::filter() masks stats::filter()
✖ dplyr::lag()    masks stats::lag()
ℹ Use the conflicted package (&lt;http://conflicted.r-lib.org/&gt;) to force all conflicts to become errors</preformat>
</boxed-text>
</sec>
<p>Read a clean version of data:</p>
<sec specific-use="notebook-content">
<code language="r script">la_palma &lt;- read_csv(&quot;la-palma.csv&quot;)
</code>
<boxed-text>
  <preformat>Rows: 11347 Columns: 5
── Column specification ────────────────────────────────────────────────────────
Delimiter: &quot;,&quot;
dbl  (4): Longitude, Latitude, Depth(km), Magnitude
dttm (1): DateTime

ℹ Use `spec()` to retrieve the full column specification for this data.
ℹ Specify the column types or set `show_col_types = FALSE` to quiet this message.</preformat>
</boxed-text>
</sec>
<p>Create spatial plot:</p>
<sec id="cell-fig-spatial-plot-nb-1" specific-use="notebook-content">
<code language="r script">#|   against longitude.&quot;
la_palma |&gt; 
  ggplot(aes(Longitude, Latitude)) +
  geom_point(aes(color = Magnitude, size = 40-`Depth(km)`)) +
  scale_color_viridis_c(direction = -1) + 
  scale_size(range = c(0.5, 2), guide = &quot;none&quot;) +
  theme_bw()
</code>
<fig id="fig-spatial-plot-nb-1">
  <caption><p>Locations of earthquakes on La Palma since
  2017</p></caption>
  <graphic mimetype="image" mime-subtype="png" xlink:href="explore-earthquakes_files/figure-jats/fig-spatial-plot-1.png" />
</fig>
</sec>
<p>Y</p>
</body>



<back>
</back>


</sub-article>

</article>