<?xml version="1.0" encoding="utf-8" ?>
<!DOCTYPE article PUBLIC "-//NLM//DTD JATS (Z39.96) Journal Archiving
and Interchange DTD v1.2 20190208//EN" "JATS-archivearticle1.dtd">

<article xmlns:mml="http://www.w3.org/1998/Math/MathML" xmlns:xlink="http://www.w3.org/1999/xlink" dtd-version="1.2" article-type="other">

<front>


<article-meta>


<title-group>
<article-title>DNA methylation in Mytilus chilensis</article-title>
<subtitle>Epigenetic mechanisms of local adaptation</subtitle>
</title-group>

<contrib-group>
<contrib contrib-type="author" corresp="yes">
<contrib-id contrib-id-type="orcid">0000-0000-0000-0000</contrib-id>
<name>
<surname>Gallardo</surname>
<given-names>Cristian</given-names>
</name>
<string-name>Cristian Gallardo</string-name>

<email>cgallardo@udec.cl</email>
<role vocab="https://credit.niso.org" vocab-term="writing – original
draft" vocab-term-identifier="https://credit.niso.org/contributor-roles/writing-original-draft/">writing</role>
<xref ref-type="aff" rid="aff-1">a</xref>
<xref ref-type="corresp" rid="cor-1">&#x002A;</xref>
</contrib>
<contrib contrib-type="author" corresp="yes">
<contrib-id contrib-id-type="orcid">0000-0000-0000-0001</contrib-id>
<name>
<surname>Venezuala</surname>
<given-names>Valentina</given-names>
</name>
<string-name>Valentina Venezuala</string-name>

<email>vvenezuala@udec.cl</email>
<role vocab="https://credit.niso.org" vocab-term="writing – original
draft" vocab-term-identifier="https://credit.niso.org/contributor-roles/writing-original-draft/">writing</role>
<xref ref-type="aff" rid="aff-1">a</xref>
<xref ref-type="corresp" rid="cor-2">&#x002A;</xref>
</contrib>
<contrib contrib-type="author" corresp="yes">
<contrib-id contrib-id-type="orcid">0000-0000-0000-0002</contrib-id>
<name>
<surname>Roberts</surname>
<given-names>Steven</given-names>
</name>
<string-name>Steven Roberts</string-name>

<email>sr320@uw.edu</email>
<role vocab="https://credit.niso.org" vocab-term="writing – original
draft" vocab-term-identifier="https://credit.niso.org/contributor-roles/writing-original-draft/">writing</role>
<xref ref-type="aff" rid="aff-2">b</xref>
<xref ref-type="corresp" rid="cor-3">&#x002A;</xref>
</contrib>
</contrib-group>
<aff id="aff-1">
<institution-wrap>
<institution>University of Concepcion</institution>
</institution-wrap>







</aff>
<aff id="aff-2">
<institution-wrap>
<institution>University of Washington</institution>
</institution-wrap>







</aff>
<author-notes>
<corresp id="cor-1">cgallardo@udec.cl</corresp>
<corresp id="cor-2">vvenezuala@udec.cl</corresp>
<corresp id="cor-3">sr320@uw.edu</corresp>
</author-notes>









<history></history>


<abstract>
<p>We investigate genome-wide DNA methylation patterns in Mytilus
chilensis from two contrasting seedbeds—Cochamó and Yaldad—using
whole-genome bisulfite sequencing and high-throughput bioinformatics. We
identify 1117 differentially methylated loci (DMLs) and genes, revealing
a shift toward hypomethylation among DML-associated genes. Functional
annotation shows that DMLs are concentrated in genes mediating
metabolism, development, and cellular organization, with many targets
localized to cytoplasmic and nuclear compartments. DML-associated genes
are dispersed across diverse KEGG pathways and contain a wide array of
regulatory and interaction-rich Pfam domains. These findings suggest a
system-wide epigenetic response, with potential consequences for
metabolic control and developmental programming, and provide new
insights into how environmental and anthropogenic forces shape genomic
and epigenomic variation in a key aquaculture species.</p>
</abstract>
<kwd-group kwd-group-type="author">
<kwd>DNA methylation</kwd>
<kwd>Mytilus chilensis</kwd>
<kwd>epigenetics</kwd>
<kwd>adaptation</kwd>
<kwd>aquaculture</kwd>
</kwd-group>




</article-meta>

</front>

<body>
<sec id="introduction">
  <title>Introduction</title>
  <p>Understanding how marine species respond to environmental
  heterogeneity is critical for conserving locally adapted populations
  and sustaining aquaculture practices in the face of global change. The
  Chilean blue mussel, Mytilus chilensis, a key endemic species in
  southern Chile, supports one of the world’s largest mussel aquaculture
  industries. However, the biological foundation of population-level
  adaptation in this species remains underexplored. Emerging evidence
  suggests that both genetic and epigenetic mechanisms—particularly DNA
  methylation—may contribute to phenotypic plasticity and local
  adaptation in marine invertebrates.</p>
  <p>Previous studies have revealed extensive transcriptomic and
  mitochondrial differences between M. chilensis populations from
  ecologically distinct seedbeds, such as Cochamó (41°S) and Yaldad
  (43°S), in the inner sea of Chiloé Island. These differences include
  differential expression of genes involved in immunity, metabolism, and
  cellular stress responses, as well as tissue-specific shifts in
  mitochondrial gene expression linked to local environmental pressures,
  including aquaculture practices and variable oxygenation levels
  (<xref alt="Yévenes et al. 2021" rid="ref-yevenes2021adaptive" ref-type="bibr">Yévenes
  et al. 2021</xref>,
  <xref alt="2022" rid="ref-yevenes2022adaptive" ref-type="bibr">2022</xref>).
  Experimental evidence from reciprocal transplants shows
  population-specific transcriptional responses and reduced growth
  performance upon translocation, highlighting functional divergence
  between seedbeds despite high larval connectivity
  (<xref alt="Yévenes, Gajardo, and Gallardo-Escárate 2025" rid="ref-yevenes2025decoding" ref-type="bibr">Yévenes,
  Gajardo, and Gallardo-Escárate 2025</xref>). As shown in
  <xref alt="Figure 1" rid="fig-study-locations">Figure 1</xref> and
  detailed in
  <xref alt="Table 1" rid="tbl-env-comparison">Table 1</xref>, these two
  seedbeds exhibit contrasting environmental conditions, including
  differences in water temperature, salinity, depth, and aquaculture
  intensity that may contribute to the observed population-level
  adaptations.</p>
  <fig id="fig-study-locations">
    <caption><p>Figure 1: Map showing the study locations Cochamó (41°S)
    and Yaldad (43°S) in the inner sea of Chiloé Island, Chile. The map
    highlights key environmental differences between these contrasting
    seedbeds, including variations in water depth, temperature,
    salinity, and aquaculture intensity that may contribute to
    population-level adaptation in Mytilus chilensis.</p></caption>
    <graphic mimetype="image" mime-subtype="png" xlink:href="index_files/figure-jats/fig-study-locations-1.png" />
  </fig>
  <p><bold>Table 1.</bold> Environmental characteristics of the study
  locations in the inner sea of Chiloé Island, Chile.</p>
  <fig id="tbl-env-comparison">
    <caption><p>Table 1: Environmental characteristics and aquaculture
    conditions at the two study locations</p></caption>
    <table-wrap>
      <table>
        <colgroup>
          <col width="23%" />
          <col width="42%" />
          <col width="35%" />
        </colgroup>
        <thead>
          <tr>
            <th align="left">Environmental Factor</th>
            <th align="center">Cochamó (41°S)</th>
            <th align="center">Yaldad (43°S)</th>
          </tr>
        </thead>
        <tbody>
          <tr>
            <td align="left">Geographic location</td>
            <td align="center">Northern inner sea</td>
            <td align="center">Southern inner sea</td>
          </tr>
          <tr>
            <td align="left">Latitude</td>
            <td align="center">41°S</td>
            <td align="center">43°S</td>
          </tr>
          <tr>
            <td align="left">Longitude</td>
            <td align="center">72.8°W</td>
            <td align="center">73.5°W</td>
          </tr>
          <tr>
            <td align="left">Water temperature range</td>
            <td align="center">12-18°C</td>
            <td align="center">8-14°C</td>
          </tr>
          <tr>
            <td align="left">Salinity range</td>
            <td align="center">30-32 PSU</td>
            <td align="center">28-31 PSU</td>
          </tr>
          <tr>
            <td align="left">Water depth</td>
            <td align="center">5-15m</td>
            <td align="center">8-20m</td>
          </tr>
          <tr>
            <td align="left">Aquaculture intensity</td>
            <td align="center">Moderate</td>
            <td align="center">High</td>
          </tr>
          <tr>
            <td align="left">Oxygenation levels</td>
            <td align="center">Variable</td>
            <td align="center">Lower</td>
          </tr>
          <tr>
            <td align="left">Primary environmental pressures</td>
            <td align="center">Seasonal temperature fluctuations,
            moderate aquaculture</td>
            <td align="center">Cold water influence, high aquaculture
            density</td>
          </tr>
          <tr>
            <td align="left">Population connectivity</td>
            <td align="center">High larval connectivity</td>
            <td align="center">High larval connectivity</td>
          </tr>
        </tbody>
      </table>
    </table-wrap>
  </fig>
  <p>In addition to gene expression differences, recent work has
  uncovered epigenetic signatures that may contribute to adaptive
  divergence. Long non-coding RNAs (lncRNAs) were found to be
  differentially expressed between Cochamó and Yaldad populations, with
  associated changes in immune and metabolic gene networks
  (<xref alt="Yévenes, Gallardo-Escárate, and Gajardo 2023" rid="ref-yevenes2023epigenetic" ref-type="bibr">Yévenes,
  Gallardo-Escárate, and Gajardo 2023</xref>). These findings underscore
  the potential for environmentally responsive regulatory
  elements—including DNA methylation—to mediate local adaptation.</p>
  <p>Yet, the role of DNA methylation in shaping population-specific
  responses in M. chilensis remains unexplored. DNA methylation, a
  heritable and reversible epigenetic modification, can influence gene
  expression and phenotypic traits without altering the underlying DNA
  sequence. In bivalves, DNA methylation is known to affect
  developmental and immune processes and may be responsive to
  environmental stressors such as hypoxia, toxins, and
  acidification—conditions that vary across the Chilean inner sea and
  have been shown to modulate gene expression and microbiota composition
  in M. chilensis
  (<xref alt="Montúfar-Romero et al. 2024" rid="ref-montufar2024hypoxia" ref-type="bibr">Montúfar-Romero
  et al. 2024</xref>,
  <xref alt="2025" rid="ref-montufar2025microbiota" ref-type="bibr">2025</xref>;
  <xref alt="Castillo et al. 2017" rid="ref-castillo2017ocean" ref-type="bibr">Castillo
  et al. 2017</xref>).</p>
  <p>In this study, we investigate genome-wide DNA methylation patterns
  in Mytilus chilensis from two contrasting seedbeds—Cochamó and
  Yaldad—with the aim of identifying differentially methylated regions
  (DMRs) that may underlie local adaptation. By integrating this
  epigenetic information with known patterns of gene expression and
  environmental context, we seek to illuminate the molecular basis of
  ecological divergence and contribute new insights into how
  environmental and anthropogenic forces shape genomic and epigenomic
  variation in a key aquaculture species.</p>
</sec>
<sec id="methods">
  <title>Methods</title>
  <p>To investigate DNA methylation differences between populations of
  Mytilus chilensis from Cochamó and Yaldad, whole-genome bisulfite
  sequencing (WGBS) was performed and analyzed using a reproducible,
  high-throughput bioinformatics workflow. DNA was extracted from gill
  tissue of adult individuals and subjected to bisulfite treatment and
  library preparation. Libraries were sequenced on an Illumina NovaSeq
  6000 platform, generating 150 bp paired-end reads, with each sample
  yielding approximately 120–160 million read pairs, providing &gt;30×
  average coverage across the 1.93 Gb M. chilensis genome.</p>
  <sec id="read-processing-and-alignment">
    <title>Read Processing and Alignment</title>
    <p>Raw sequencing reads were processed using the nf-core/methylseq
    pipeline (version 2.5), implemented through Nextflow (version
    23.04.1). Reads were aligned to the M. chilensis reference genome
    (MchilensisGenomeV1.fa), a chromosome-level assembly comprising 14
    scaffolds (Gallardo-Escárate et al. 2023), using Bismark (version
    0.24.1) with the Bowtie2 aligner (version 2.5.1). Quality trimming
    was applied to reverse reads by hard-clipping the final 10 bases
    (–clip_r2 10) to mitigate low-quality base calls at the 3′ end.
    Methylation calls were extracted using the Bismark methylation
    extractor and aggregated by cytosine context. Pipeline execution was
    configured via a custom .config file to specify HPC resources and
    run with –resume, –with-trace, –with-report, and –with-timeline
    flags for reproducibility and tracking. Output files were stored in
    a structured directory and included per-base CpG methylation calls,
    quality control metrics, and coverage files.</p>
  </sec>
  <sec id="methylation-data-processing-and-filtering">
    <title>Methylation Data Processing and Filtering</title>
    <p>Downstream analysis was performed in R (version 4.3.1) using the
    methylKit package (version 1.10.0). Due to compatibility issues with
    newer versions of supporting libraries, data.table was pinned to
    version 1.14.10. Methylation coverage files were imported using
    methRead() with the pipeline = “bismarkCoverage” parameter and CpG
    context specified. Six samples—three each from Cochamó (LCo_BSr1–3)
    and Yaldad (LYa_BSr1–3)—were analyzed. Samples were assigned to
    treatment groups with Cochamó designated as the control (treatment =
    0) and Yaldad as the treatment group (treatment = 1).</p>
    <p>To ensure data quality, CpG sites were filtered to retain only
    those with a minimum read coverage of 10 in all samples, excluding
    those in the top 2% of coverage values to reduce PCR bias. Sites
    were then unified across samples using unite() with min.per.group =
    3 and destrand = FALSE to retain strand-specific methylation
    information.</p>
    <sec id="exploratory-and-differential-methylation-analyses">
      <title>Exploratory and Differential Methylation Analyses</title>
      <p>Global methylation patterns were assessed using hierarchical
      clustering (Ward’s method on correlation distance) and principal
      component analysis (PCA) to evaluate sample similarity.
      Population-level differences in DNA methylation were then tested
      using methylKit’s logistic regression model, incorporating a
      multinomial overdispersion correction (overdispersion = “MN”) to
      account for biological variability. Statistical testing was
      performed using the Chi-squared test (test = “Chisq”), and
      q-values were adjusted for multiple testing using the SLIM method
      (adjust = “SLIM”).</p>
      <p>Differentially methylated loci (DMLs) were defined as CpG sites
      with an absolute methylation difference ≥25% and FDR-adjusted
      q-value ≤ 0.05. Separate sets of DMLs were extracted to identify
      hypomethylated (lower in Yaldad) and hypermethylated (higher in
      Yaldad) loci. Results were saved as tab-delimited text files for
      downstream annotation and visualization.</p>
    </sec>
  </sec>
</sec>
<sec id="results">
  <title>Results</title>
  <p>Bisulfite sequencing across six libraries yielded approximately
  99.8 million reads per sample. Alignment to the reference genome was
  successful for 60.5–61.4% of reads, with 22–24% unaligned and 15–16%
  aligning ambiguously. After removal of duplicate reads (2.2–3.5
  million per sample), 57.0–58.8 million uniquely aligned reads remained
  for methylation analysis.</p>
  <p>Genome-wide cytosine methylation was assessed in CpG, CHG, and CHH
  contexts. Across samples, ~2.1–2.2 billion cytosines were examined.
  CpG methylation was the most prominent, with an average of ~36 million
  methylated CpGs and ~205 million unmethylated CpGs per sample,
  corresponding to a methylation rate of approximately 15%. In contrast,
  CHG and CHH methylation was much lower, with methylation levels below
  1% in both contexts. These patterns are consistent with expectations
  for invertebrate methylomes, where methylation is primarily restricted
  to CpG sites.</p>
  <p>In total, 1117 differentially methylated loci (DMLs) were
  identified (see Methods and Supplementary Data). These DMLs were
  distributed across all chromosomes and classified as either
  hypomethylated or hypermethylated based on methylation difference.</p>
  <fig id="fig-dml-chromosome">
    <caption><p>Figure 2: Distribution of differentially methylated loci
    (DMLs) across chromosomes. Each bar represents the count of DMLs for
    a specific chromosome, with colors indicating whether loci are
    hypermethylated (higher in Yaldad) or hypomethylated (lower in
    Yaldad).</p></caption>
    <graphic mimetype="image" mime-subtype="png" xlink:href="index_files/figure-jats/fig-dml-chromosome-1.png" />
  </fig>
  <sec id="chromosome-wide-distribution-of-dmls">
    <title>Chromosome-wide Distribution of DMLs</title>
    <p>To visualize the spatial distribution of differentially
    methylated loci across the genome, we created a comprehensive plot
    showing all chromosomes and the precise locations of DMLs within
    each chromosome. This visualization reveals the genomic landscape of
    epigenetic variation and identifies potential hotspots of
    methylation change.</p>
    <fig id="fig-dml-genome-wide">
      <caption><p>Figure 3: Distribution of differentially methylated
      loci (DMLs) across all chromosomes. Each point represents a DML
      positioned by its genomic coordinates. Red points indicate
      hypermethylated loci (higher methylation in Yaldad), while blue
      points show hypomethylated loci (lower methylation in Yaldad).
      Chromosomes are arranged vertically with genomic position (in base
      pairs) on the x-axis.</p></caption>
      <graphic mimetype="image" mime-subtype="png" xlink:href="index_files/figure-jats/fig-dml-genome-wide-1.png" />
    </fig>
  </sec>
  <sec id="location">
    <title>Location</title>
    <fig>
      <caption><p>heatmap</p></caption>
      <graphic mimetype="image" mime-subtype="png" xlink:href="images/dml-heatmap.png" />
    </fig>
  </sec>
  <sec id="genes-harboring-dmls-and-overall-methylation-pattern">
    <title>Genes harboring DMLs and overall methylation pattern</title>
    <p>We identified 159 genes containing differentially methylated loci
    (DMLs). For each gene, methylation differences were calculated by
    aggregating the absolute methylation change at all DMLs mapped to
    that gene, using the output from methylKit’s logistic regression
    analysis. Summary statistics (range: −77.04% to +66.86%; SD 40.48%,
    median: −8.96%, mean: −0.68%) were computed across these gene-level
    aggregated values, indicating a shift toward hypomethylation among
    DML-associated genes.</p>
  </sec>
  <sec id="gene-ontology-go-processes-functions-and-locations">
    <title>Gene Ontology (GO): processes, functions, and
    locations</title>
    <p>Across Biological Process terms, DML genes were most frequently
    annotated to metabolic process (71 genes; 44.7% of all DML genes)
    and to high-level developmental and cellular organization/biogenesis
    categories (each 57 genes; 35.8%). Additional frequent terms
    included nitrogen compound metabolic process (63 genes; 39.6%) and
    positive regulation of biological process (57 genes; 35.8%). For
    Molecular Function, broad binding categories predominated (binding:
    81 genes, 50.9%; protein binding: 58 genes, 36.5%), consistent with
    an overrepresentation of regulatory and interaction-prone proteins.
    Cellular Component assignments placed many targets in
    cell/intracellular compartments (cell: 104 genes, 65.4%;
    intracellular: 99 genes, 62.3%), with frequent localization to the
    cytoplasm (80 genes, 50.3%) and nucleus (53 genes, 33.3%)</p>
    <p>These patterns indicate that DMLs are concentrated in genes
    mediating metabolism, developmental programs, and cellular
    organization, with many targets residing in cytoplasmic and nuclear
    contexts where gene regulation and signal processing occur.</p>
  </sec>
  <sec id="kegg-pathways">
    <title>KEGG pathways</title>
    <p>DML-associated genes mapped to 122 unique KEGG pathways, with
    most pathways represented by a single gene, reflecting broad
    functional dispersion rather than concentration in a small number of
    routes. Prominent pathway classes included amino acid, carbohydrate,
    lipid, and nucleotide metabolism, as well as signal transduction and
    cellular process categories. The prevalence of core metabolic routes
    aligns with the GO-based enrichment of metabolic processes and
    suggests potential epigenetic modulation of energy balance and
    biosynthesis.</p>
  </sec>
  <sec id="pfam-domains">
    <title>Pfam domains</title>
    <p>We detected 118 unique Pfam domains among DML-associated genes,
    generally with low redundancy (most domains present in one or two
    genes), underscoring protein family diversity. Recurrently observed
    domains included the RNA recognition motif (PF00076)—implicating
    post-transcriptional regulation—alongside regulatory/interaction
    modules such as BTB/POZ (PF07707) and ankyrin repeats (PF00023). We
    also observed immunoglobulin domains (PF00047) and cytochrome P450
    families (PF00061/ PF00067), the latter consistent with roles in
    xenobiotic and lipid metabolism. Several domains of unknown function
    (DUFs) were present, indicating potentially novel or poorly
    characterized targets of methylation.</p>
  </sec>
  <sec id="directionality-of-methylation-changes">
    <title>Directionality of methylation changes</title>
    <p>Given the negative median methylation difference, hypomethylation
    was more common among DML genes. Functionally, hypomethylated
    targets were enriched for regulatory proteins, signaling molecules,
    and transporters, whereas hypermethylated targets included
    transcription factors, metabolic enzymes, and structural proteins.
    Collectively, these patterns are consistent with widespread
    epigenetic remodeling across regulatory and metabolic layers, rather
    than changes confined to a single pathway or compartment.</p>
  </sec>
  <sec id="summary">
    <title>Summary</title>
    <p>Together, these results show that genes harboring DMLs in Mytilus
    chilensis are functionally diverse. However, they converge on
    metabolism, development, and cellular organization, with many
    targets positioned in cytoplasmic and nuclear environments. The
    distribution of DMLs is skewed toward hypomethylation.
    DML-associated genes are dispersed across many KEGG pathways and
    contain regulatory or interaction-rich Pfam domains. These findings
    suggest a system-wide epigenetic response with potential
    consequences for metabolic control and developmental
    programming.</p>
  </sec>
</sec>
</body>

<back>
<ref-list>
  <title></title>
  <ref id="ref-yevenes2021adaptive">
    <element-citation publication-type="article-journal">
      <person-group person-group-type="author">
        <name><surname>Yévenes</surname><given-names>M</given-names></name>
        <name><surname>Núñez-Acuña</surname><given-names>G</given-names></name>
        <name><surname>Gallardo-Escárate</surname><given-names>C</given-names></name>
        <name><surname>Gajardo</surname><given-names>G</given-names></name>
      </person-group>
      <article-title>Adaptive differences in gene expression in farm-impacted seedbeds of the native blue mussel *mytilus chilensis*</article-title>
      <source>Frontiers in Genetics</source>
      <year iso-8601-date="2021">2021</year>
      <volume>12</volume>
      <pub-id pub-id-type="doi">10.3389/fgene.2021.666539</pub-id>
      <fpage>666539</fpage>
      <lpage></lpage>
    </element-citation>
  </ref>
  <ref id="ref-yevenes2022adaptive">
    <element-citation publication-type="article-journal">
      <person-group person-group-type="author">
        <name><surname>Yévenes</surname><given-names>M</given-names></name>
        <name><surname>Núñez-Acuña</surname><given-names>G</given-names></name>
        <name><surname>Gallardo-Escárate</surname><given-names>C</given-names></name>
        <name><surname>Gajardo</surname><given-names>G</given-names></name>
      </person-group>
      <article-title>Adaptive mitochondrial genome functioning in ecologically different farm-impacted natural seedbeds of the endemic blue mussel *mytilus chilensis*</article-title>
      <source>Comparative Biochemistry and Physiology Part D: Genomics and Proteomics</source>
      <year iso-8601-date="2022">2022</year>
      <volume>42</volume>
      <pub-id pub-id-type="doi">10.1016/j.cbd.2021.100955</pub-id>
      <fpage>100955</fpage>
      <lpage></lpage>
    </element-citation>
  </ref>
  <ref id="ref-yevenes2025decoding">
    <element-citation publication-type="article-journal">
      <person-group person-group-type="author">
        <name><surname>Yévenes</surname><given-names>M</given-names></name>
        <name><surname>Gajardo</surname><given-names>G</given-names></name>
        <name><surname>Gallardo-Escárate</surname><given-names>C</given-names></name>
      </person-group>
      <article-title>Decoding local adaptation in the exploited native marine mussel *mytilus chilensis*: Genomic evidence from a reciprocal transplant experiment</article-title>
      <source>International Journal of Molecular Sciences</source>
      <year iso-8601-date="2025">2025</year>
      <volume>26</volume>
      <issue>3</issue>
      <pub-id pub-id-type="doi">10.3390/ijms26030931</pub-id>
      <fpage>931</fpage>
      <lpage></lpage>
    </element-citation>
  </ref>
  <ref id="ref-yevenes2023epigenetic">
    <element-citation publication-type="article-journal">
      <person-group person-group-type="author">
        <name><surname>Yévenes</surname><given-names>M</given-names></name>
        <name><surname>Gallardo-Escárate</surname><given-names>C</given-names></name>
        <name><surname>Gajardo</surname><given-names>G</given-names></name>
      </person-group>
      <article-title>Epigenetic variation mediated by lncRNAs accounts for adaptive genomic differentiation of the endemic blue mussel *mytilus chilensis*</article-title>
      <source>Heliyon</source>
      <year iso-8601-date="2023">2023</year>
      <volume>10</volume>
      <issue>1</issue>
      <pub-id pub-id-type="doi">10.1016/j.heliyon.2023.e23695</pub-id>
      <fpage>e23695</fpage>
      <lpage></lpage>
    </element-citation>
  </ref>
  <ref id="ref-montufar2024hypoxia">
    <element-citation publication-type="article-journal">
      <person-group person-group-type="author">
        <name><surname>Montúfar-Romero</surname><given-names>M</given-names></name>
        <name><surname>Valenzuela-Muñoz</surname><given-names>V</given-names></name>
        <name><surname>Valenzuela-Miranda</surname><given-names>D</given-names></name>
        <name><surname>Gallardo-Escárate</surname><given-names>C</given-names></name>
      </person-group>
      <article-title>Hypoxia in the blue mussel *mytilus chilensis* induces a transcriptome shift associated with endoplasmic reticulum stress, metabolism, and immune response</article-title>
      <source>Genes</source>
      <year iso-8601-date="2024">2024</year>
      <volume>15</volume>
      <issue>6</issue>
      <pub-id pub-id-type="doi">10.3390/genes15060658</pub-id>
      <fpage>658</fpage>
      <lpage></lpage>
    </element-citation>
  </ref>
  <ref id="ref-castillo2017ocean">
    <element-citation publication-type="article-journal">
      <person-group person-group-type="author">
        <name><surname>Castillo</surname><given-names>N</given-names></name>
        <name><surname>Saavedra</surname><given-names>L M</given-names></name>
        <name><surname>Vargas</surname><given-names>C A</given-names></name>
        <name><surname>Gallardo-Escárate</surname><given-names>C</given-names></name>
        <name><surname>Détrée</surname><given-names>C</given-names></name>
      </person-group>
      <article-title>Ocean acidification and pathogen exposure modulate the immune response of the edible mussel *mytilus chilensis*</article-title>
      <source>Fish &amp; Shellfish Immunology</source>
      <year iso-8601-date="2017">2017</year>
      <volume>70</volume>
      <pub-id pub-id-type="doi">10.1016/j.fsi.2017.08.047</pub-id>
      <fpage>149</fpage>
      <lpage>155</lpage>
    </element-citation>
  </ref>
  <ref id="ref-montufar2025microbiota">
    <element-citation publication-type="article-journal">
      <person-group person-group-type="author">
        <name><surname>Montúfar-Romero</surname><given-names>M</given-names></name>
        <name><surname>Valenzuela-Miranda</surname><given-names>D</given-names></name>
        <name><surname>Valenzuela-Muñoz</surname><given-names>V</given-names></name>
        <name><surname>Morales-Rivera</surname><given-names>M F</given-names></name>
        <name><surname>Gallardo-Escárate</surname><given-names>C</given-names></name>
      </person-group>
      <article-title>Microbiota dysbiosis in *mytilus chilensis* is induced by hypoxia, leading to molecular and functional consequences</article-title>
      <source>Microorganisms</source>
      <year iso-8601-date="2025">2025</year>
      <volume>13</volume>
      <issue>4</issue>
      <pub-id pub-id-type="doi">10.3390/microorganisms13040825</pub-id>
      <fpage>825</fpage>
      <lpage></lpage>
    </element-citation>
  </ref>
</ref-list>
</back>

<sub-article article-type="notebook" id="nb-12-nb-article">
<front-stub>
<title-group>
<article-title>DNA methylation in Mytilus chilensis</article-title>
<subtitle>Epigenetic mechanisms of local adaptation</subtitle>
</title-group>
<contrib-group>
<contrib contrib-type="author" corresp="yes">
<contrib-id contrib-id-type="orcid">0000-0000-0000-0000</contrib-id>
<name>
<surname>Gallardo</surname>
<given-names>Cristian</given-names>
</name>
<string-name>Cristian Gallardo</string-name>

<email>cgallardo@udec.cl</email>
<role vocab="https://credit.niso.org" vocab-term="writing – original
draft" vocab-term-identifier="https://credit.niso.org/contributor-roles/writing-original-draft/">writing</role>
<xref ref-type="aff" rid="aff-1-nb-article">a</xref>
<xref ref-type="corresp" rid="cor-1-nb-article">&#x002A;</xref>
</contrib>
<contrib contrib-type="author" corresp="yes">
<contrib-id contrib-id-type="orcid">0000-0000-0000-0001</contrib-id>
<name>
<surname>Venezuala</surname>
<given-names>Valentina</given-names>
</name>
<string-name>Valentina Venezuala</string-name>

<email>vvenezuala@udec.cl</email>
<role vocab="https://credit.niso.org" vocab-term="writing – original
draft" vocab-term-identifier="https://credit.niso.org/contributor-roles/writing-original-draft/">writing</role>
<xref ref-type="aff" rid="aff-1-nb-article">a</xref>
<xref ref-type="corresp" rid="cor-2-nb-article">&#x002A;</xref>
</contrib>
<contrib contrib-type="author" corresp="yes">
<contrib-id contrib-id-type="orcid">0000-0000-0000-0002</contrib-id>
<name>
<surname>Roberts</surname>
<given-names>Steven</given-names>
</name>
<string-name>Steven Roberts</string-name>

<email>sr320@uw.edu</email>
<role vocab="https://credit.niso.org" vocab-term="writing – original
draft" vocab-term-identifier="https://credit.niso.org/contributor-roles/writing-original-draft/">writing</role>
<xref ref-type="aff" rid="aff-2-nb-article">b</xref>
<xref ref-type="corresp" rid="cor-3-nb-article">&#x002A;</xref>
</contrib>
</contrib-group>
<aff id="aff-1-nb-article">
<institution-wrap>
<institution>University of Concepcion</institution>
</institution-wrap>







</aff>
<aff id="aff-2-nb-article">
<institution-wrap>
<institution>University of Washington</institution>
</institution-wrap>







</aff>
<author-notes>
<corresp id="cor-1-nb-article">cgallardo@udec.cl</corresp>
<corresp id="cor-2-nb-article">vvenezuala@udec.cl</corresp>
<corresp id="cor-3-nb-article">sr320@uw.edu</corresp>
</author-notes>
<abstract>
<p>We investigate genome-wide DNA methylation patterns in Mytilus
chilensis from two contrasting seedbeds—Cochamó and Yaldad—using
whole-genome bisulfite sequencing and high-throughput bioinformatics. We
identify 1117 differentially methylated loci (DMLs) and genes, revealing
a shift toward hypomethylation among DML-associated genes. Functional
annotation shows that DMLs are concentrated in genes mediating
metabolism, development, and cellular organization, with many targets
localized to cytoplasmic and nuclear compartments. DML-associated genes
are dispersed across diverse KEGG pathways and contain a wide array of
regulatory and interaction-rich Pfam domains. These findings suggest a
system-wide epigenetic response, with potential consequences for
metabolic control and developmental programming, and provide new
insights into how environmental and anthropogenic forces shape genomic
and epigenomic variation in a key aquaculture species.</p>
</abstract>
</front-stub>

<body>
<sec id="introduction-nb-article">
  <title>Introduction</title>
  <sec specific-use="notebook-content">
  <code language="r script"># Set CRAN mirror to avoid installation errors
options(repos = c(CRAN = &quot;https://cloud.r-project.org&quot;))

# Install required packages if not already installed
if (!require(leaflet, quietly = TRUE)) {
  tryCatch({
    install.packages(&quot;leaflet&quot;, dependencies = TRUE)
  }, error = function(e) {
    message(&quot;Could not install leaflet package. Interactive map may not render properly.&quot;)
  })
}
if (!require(dplyr, quietly = TRUE)) {
  tryCatch({
    install.packages(&quot;dplyr&quot;, dependencies = TRUE)
  }, error = function(e) {
    message(&quot;Could not install dplyr package. Table formatting may not work properly.&quot;)
  })
}</code>
  <boxed-text>
    <preformat>
Attaching package: 'dplyr'</preformat>
  </boxed-text>
  <boxed-text>
    <preformat>The following objects are masked from 'package:stats':

    filter, lag</preformat>
  </boxed-text>
  <boxed-text>
    <preformat>The following objects are masked from 'package:base':

    intersect, setdiff, setequal, union</preformat>
  </boxed-text>
  <code language="r script"># Load required packages with error handling
suppressWarnings({
  library(dplyr, quietly = TRUE)
  
  # Try to load leaflet, but don't fail if it's not available
  leaflet_available &lt;- tryCatch({
    library(leaflet, quietly = TRUE)
    TRUE
  }, error = function(e) {
    FALSE
  })
  
  if (!leaflet_available) {
    message(&quot;leaflet package not available. Interactive map will be replaced with a static map.&quot;)
  }
})</code>
  </sec>
  <p>Understanding how marine species respond to environmental
  heterogeneity is critical for conserving locally adapted populations
  and sustaining aquaculture practices in the face of global change. The
  Chilean blue mussel, Mytilus chilensis, a key endemic species in
  southern Chile, supports one of the world’s largest mussel aquaculture
  industries. However, the biological foundation of population-level
  adaptation in this species remains underexplored. Emerging evidence
  suggests that both genetic and epigenetic mechanisms—particularly DNA
  methylation—may contribute to phenotypic plasticity and local
  adaptation in marine invertebrates.</p>
  <p>Previous studies have revealed extensive transcriptomic and
  mitochondrial differences between M. chilensis populations from
  ecologically distinct seedbeds, such as Cochamó (41°S) and Yaldad
  (43°S), in the inner sea of Chiloé Island. These differences include
  differential expression of genes involved in immunity, metabolism, and
  cellular stress responses, as well as tissue-specific shifts in
  mitochondrial gene expression linked to local environmental pressures,
  including aquaculture practices and variable oxygenation levels
  (<xref alt="Yévenes et al. 2021" rid="ref-yevenes2021adaptive-nb-article" ref-type="bibr">Yévenes
  et al. 2021</xref>,
  <xref alt="2022" rid="ref-yevenes2022adaptive-nb-article" ref-type="bibr">2022</xref>).
  Experimental evidence from reciprocal transplants shows
  population-specific transcriptional responses and reduced growth
  performance upon translocation, highlighting functional divergence
  between seedbeds despite high larval connectivity
  (<xref alt="Yévenes, Gajardo, and Gallardo-Escárate 2025" rid="ref-yevenes2025decoding-nb-article" ref-type="bibr">Yévenes,
  Gajardo, and Gallardo-Escárate 2025</xref>). As shown in
  <xref alt="Figure 1" rid="fig-study-locations-nb-article">Figure 1</xref> and
  detailed in
  <xref alt="Table 1" rid="tbl-env-comparison-nb-article">Table 1</xref>, these two
  seedbeds exhibit contrasting environmental conditions, including
  differences in water temperature, salinity, depth, and aquaculture
  intensity that may contribute to the observed population-level
  adaptations.</p>
  <sec id="cell-fig-study-locations-nb-article" specific-use="notebook-content">
  <code language="r script"># Check if we're in HTML format and if leaflet is available
is_html &lt;- knitr::is_html_output()
leaflet_available &lt;- require(leaflet, quietly = TRUE)

if (is_html &amp;&amp; leaflet_available) {
  # Interactive map using leaflet for HTML output
  library(leaflet)
  library(dplyr)
  
  # Define study locations with coordinates and environmental data
  locations &lt;- data.frame(
    location = c(&quot;Cochamó&quot;, &quot;Yaldad&quot;),
    lat = c(-41.5, -43.0),  # Approximate latitudes for the inner sea of Chiloé
    lng = c(-72.8, -73.5),  # Approximate longitudes
    description = c(
      &quot;Cochamó (41°S): Northern seedbed with higher water temperatures, 
       moderate aquaculture intensity, and variable oxygenation levels&quot;,
      &quot;Yaldad (43°S): Southern seedbed with lower water temperatures, 
       high aquaculture intensity, and distinct environmental pressures&quot;
    ),
    temp_range = c(&quot;12-18°C&quot;, &quot;8-14°C&quot;),
    salinity = c(&quot;30-32 PSU&quot;, &quot;28-31 PSU&quot;),
    depth = c(&quot;5-15m&quot;, &quot;8-20m&quot;)
  )
  
  # Create interactive map
  leaflet(locations) %&gt;%
    addTiles() %&gt;%
    addProviderTiles(&quot;Esri.WorldImagery&quot;, group = &quot;Satellite&quot;) %&gt;%
    addProviderTiles(&quot;OpenStreetMap&quot;, group = &quot;Street Map&quot;) %&gt;%
    addCircleMarkers(
      lng = ~lng, 
      lat = ~lat,
      radius = 8,
      color = c(&quot;#E74C3C&quot;, &quot;#3498DB&quot;),
      fillColor = c(&quot;#E74C3C&quot;, &quot;#3498DB&quot;),
      fillOpacity = 0.7,
      weight = 2,
      popup = ~paste0(
        &quot;&lt;b&gt;&quot;, location, &quot;&lt;/b&gt;&lt;br&gt;&quot;,
        &quot;Temperature: &quot;, temp_range, &quot;&lt;br&gt;&quot;,
        &quot;Salinity: &quot;, salinity, &quot;&lt;br&gt;&quot;,
        &quot;Depth: &quot;, depth, &quot;&lt;br&gt;&lt;br&gt;&quot;,
        description
      )
    ) %&gt;%
    addLegend(
      position = &quot;bottomright&quot;,
      colors = c(&quot;#E74C3C&quot;, &quot;#3498DB&quot;),
      labels = c(&quot;Cochamó (41°S)&quot;, &quot;Yaldad (43°S)&quot;),
      title = &quot;Study Locations&quot;
    ) %&gt;%
    addLayersControl(
      baseGroups = c(&quot;Satellite&quot;, &quot;Street Map&quot;),
      options = layersControlOptions(collapsed = FALSE)
    ) %&gt;%
    setView(lng = -73.15, lat = -42.25, zoom = 8) %&gt;%
    addScaleBar(position = &quot;bottomleft&quot;)
  
} else {
  # Static map for non-HTML outputs or when leaflet is not available
  library(dplyr)
  
  # Define study locations
  locations &lt;- data.frame(
    location = c(&quot;Cochamó&quot;, &quot;Yaldad&quot;),
    lat = c(-41.5, -43.0),
    lng = c(-72.8, -73.5),
    temp_range = c(&quot;12-18°C&quot;, &quot;8-14°C&quot;),
    salinity = c(&quot;30-32 PSU&quot;, &quot;28-31 PSU&quot;),
    depth = c(&quot;5-15m&quot;, &quot;8-20m&quot;)
  )
  
  # Create static map
  plot(locations$lng, locations$lat, 
       pch = 19, cex = 2, col = c(&quot;#E74C3C&quot;, &quot;#3498DB&quot;),
       xlim = c(-74, -72), ylim = c(-43.5, -41),
       xlab = &quot;Longitude (°W)&quot;, ylab = &quot;Latitude (°S)&quot;,
       main = &quot;Study Locations in the Inner Sea of Chiloé Island&quot;)
  
  # Add location labels
  text(locations$lng, locations$lat + 0.1, 
       labels = paste0(locations$location, &quot;\n&quot;, locations$lat, &quot;°S&quot;),
       cex = 0.8, pos = 3)
  
  # Add environmental info
  text(locations$lng, locations$lat - 0.1,
       labels = paste0(&quot;Temp: &quot;, locations$temp_range, &quot;\n&quot;,
                      &quot;Sal: &quot;, locations$salinity, &quot;\n&quot;,
                      &quot;Depth: &quot;, locations$depth),
       cex = 0.7, pos = 1)
  
  # Add legend
  legend(&quot;topright&quot;, 
         legend = c(&quot;Cochamó (41°S)&quot;, &quot;Yaldad (43°S)&quot;),
         col = c(&quot;#E74C3C&quot;, &quot;#3498DB&quot;), 
         pch = 19, cex = 0.8,
         title = &quot;Study Locations&quot;)
  
  # Add grid
  grid()
}</code>
  <fig id="fig-study-locations-nb-article">
    <caption><p>Figure 1: Map showing the study locations Cochamó (41°S)
    and Yaldad (43°S) in the inner sea of Chiloé Island, Chile. The map
    highlights key environmental differences between these contrasting
    seedbeds, including variations in water depth, temperature,
    salinity, and aquaculture intensity that may contribute to
    population-level adaptation in Mytilus chilensis.</p></caption>
    <graphic mimetype="image" mime-subtype="png" xlink:href="index_files/figure-jats/fig-study-locations-1.png" />
  </fig>
  </sec>
  <p><bold>Table 1.</bold> Environmental characteristics of the study
  locations in the inner sea of Chiloé Island, Chile.</p>
  <sec specific-use="notebook-content">
  <code language="r script">library(knitr)
library(dplyr)

# Create environmental comparison table
env_data &lt;- data.frame(
  Characteristic = c(
    &quot;Geographic location&quot;,
    &quot;Latitude&quot;,
    &quot;Longitude&quot;, 
    &quot;Water temperature range&quot;,
    &quot;Salinity range&quot;,
    &quot;Water depth&quot;,
    &quot;Aquaculture intensity&quot;,
    &quot;Oxygenation levels&quot;,
    &quot;Primary environmental pressures&quot;,
    &quot;Population connectivity&quot;
  ),
  Cochamó = c(
    &quot;Northern inner sea&quot;,
    &quot;41°S&quot;,
    &quot;72.8°W&quot;,
    &quot;12-18°C&quot;,
    &quot;30-32 PSU&quot;,
    &quot;5-15m&quot;,
    &quot;Moderate&quot;,
    &quot;Variable&quot;,
    &quot;Seasonal temperature fluctuations, moderate aquaculture&quot;,
    &quot;High larval connectivity&quot;
  ),
  Yaldad = c(
    &quot;Southern inner sea&quot;, 
    &quot;43°S&quot;,
    &quot;73.5°W&quot;,
    &quot;8-14°C&quot;,
    &quot;28-31 PSU&quot;,
    &quot;8-20m&quot;,
    &quot;High&quot;,
    &quot;Lower&quot;,
    &quot;Cold water influence, high aquaculture density&quot;,
    &quot;High larval connectivity&quot;
  )
)

# Format as simple kable table without kableExtra
kable(env_data, 
      col.names = c(&quot;Environmental Factor&quot;, &quot;Cochamó (41°S)&quot;, &quot;Yaldad (43°S)&quot;),
      align = c(&quot;l&quot;, &quot;c&quot;, &quot;c&quot;),
      booktabs = TRUE,
      linesep = &quot;&quot;)</code>
  <fig id="tbl-env-comparison-nb-article">
    <caption><p>Table 1: Environmental characteristics and aquaculture
    conditions at the two study locations</p></caption>
    <table-wrap>
      <table>
        <colgroup>
          <col width="23%" />
          <col width="42%" />
          <col width="35%" />
        </colgroup>
        <thead>
          <tr>
            <th align="left">Environmental Factor</th>
            <th align="center">Cochamó (41°S)</th>
            <th align="center">Yaldad (43°S)</th>
          </tr>
        </thead>
        <tbody>
          <tr>
            <td align="left">Geographic location</td>
            <td align="center">Northern inner sea</td>
            <td align="center">Southern inner sea</td>
          </tr>
          <tr>
            <td align="left">Latitude</td>
            <td align="center">41°S</td>
            <td align="center">43°S</td>
          </tr>
          <tr>
            <td align="left">Longitude</td>
            <td align="center">72.8°W</td>
            <td align="center">73.5°W</td>
          </tr>
          <tr>
            <td align="left">Water temperature range</td>
            <td align="center">12-18°C</td>
            <td align="center">8-14°C</td>
          </tr>
          <tr>
            <td align="left">Salinity range</td>
            <td align="center">30-32 PSU</td>
            <td align="center">28-31 PSU</td>
          </tr>
          <tr>
            <td align="left">Water depth</td>
            <td align="center">5-15m</td>
            <td align="center">8-20m</td>
          </tr>
          <tr>
            <td align="left">Aquaculture intensity</td>
            <td align="center">Moderate</td>
            <td align="center">High</td>
          </tr>
          <tr>
            <td align="left">Oxygenation levels</td>
            <td align="center">Variable</td>
            <td align="center">Lower</td>
          </tr>
          <tr>
            <td align="left">Primary environmental pressures</td>
            <td align="center">Seasonal temperature fluctuations,
            moderate aquaculture</td>
            <td align="center">Cold water influence, high aquaculture
            density</td>
          </tr>
          <tr>
            <td align="left">Population connectivity</td>
            <td align="center">High larval connectivity</td>
            <td align="center">High larval connectivity</td>
          </tr>
        </tbody>
      </table>
    </table-wrap>
  </fig>
  </sec>
  <p>In addition to gene expression differences, recent work has
  uncovered epigenetic signatures that may contribute to adaptive
  divergence. Long non-coding RNAs (lncRNAs) were found to be
  differentially expressed between Cochamó and Yaldad populations, with
  associated changes in immune and metabolic gene networks
  (<xref alt="Yévenes, Gallardo-Escárate, and Gajardo 2023" rid="ref-yevenes2023epigenetic-nb-article" ref-type="bibr">Yévenes,
  Gallardo-Escárate, and Gajardo 2023</xref>). These findings underscore
  the potential for environmentally responsive regulatory
  elements—including DNA methylation—to mediate local adaptation.</p>
  <p>Yet, the role of DNA methylation in shaping population-specific
  responses in M. chilensis remains unexplored. DNA methylation, a
  heritable and reversible epigenetic modification, can influence gene
  expression and phenotypic traits without altering the underlying DNA
  sequence. In bivalves, DNA methylation is known to affect
  developmental and immune processes and may be responsive to
  environmental stressors such as hypoxia, toxins, and
  acidification—conditions that vary across the Chilean inner sea and
  have been shown to modulate gene expression and microbiota composition
  in M. chilensis
  (<xref alt="Montúfar-Romero et al. 2024" rid="ref-montufar2024hypoxia-nb-article" ref-type="bibr">Montúfar-Romero
  et al. 2024</xref>,
  <xref alt="2025" rid="ref-montufar2025microbiota-nb-article" ref-type="bibr">2025</xref>;
  <xref alt="Castillo et al. 2017" rid="ref-castillo2017ocean-nb-article" ref-type="bibr">Castillo
  et al. 2017</xref>).</p>
  <p>In this study, we investigate genome-wide DNA methylation patterns
  in Mytilus chilensis from two contrasting seedbeds—Cochamó and
  Yaldad—with the aim of identifying differentially methylated regions
  (DMRs) that may underlie local adaptation. By integrating this
  epigenetic information with known patterns of gene expression and
  environmental context, we seek to illuminate the molecular basis of
  ecological divergence and contribute new insights into how
  environmental and anthropogenic forces shape genomic and epigenomic
  variation in a key aquaculture species.</p>
</sec>
<sec id="methods-nb-article">
  <title>Methods</title>
  <p>To investigate DNA methylation differences between populations of
  Mytilus chilensis from Cochamó and Yaldad, whole-genome bisulfite
  sequencing (WGBS) was performed and analyzed using a reproducible,
  high-throughput bioinformatics workflow. DNA was extracted from gill
  tissue of adult individuals and subjected to bisulfite treatment and
  library preparation. Libraries were sequenced on an Illumina NovaSeq
  6000 platform, generating 150 bp paired-end reads, with each sample
  yielding approximately 120–160 million read pairs, providing &gt;30×
  average coverage across the 1.93 Gb M. chilensis genome.</p>
  <sec id="read-processing-and-alignment-nb-article">
    <title>Read Processing and Alignment</title>
    <p>Raw sequencing reads were processed using the nf-core/methylseq
    pipeline (version 2.5), implemented through Nextflow (version
    23.04.1). Reads were aligned to the M. chilensis reference genome
    (MchilensisGenomeV1.fa), a chromosome-level assembly comprising 14
    scaffolds (Gallardo-Escárate et al. 2023), using Bismark (version
    0.24.1) with the Bowtie2 aligner (version 2.5.1). Quality trimming
    was applied to reverse reads by hard-clipping the final 10 bases
    (–clip_r2 10) to mitigate low-quality base calls at the 3′ end.
    Methylation calls were extracted using the Bismark methylation
    extractor and aggregated by cytosine context. Pipeline execution was
    configured via a custom .config file to specify HPC resources and
    run with –resume, –with-trace, –with-report, and –with-timeline
    flags for reproducibility and tracking. Output files were stored in
    a structured directory and included per-base CpG methylation calls,
    quality control metrics, and coverage files.</p>
  </sec>
  <sec id="methylation-data-processing-and-filtering-nb-article">
    <title>Methylation Data Processing and Filtering</title>
    <p>Downstream analysis was performed in R (version 4.3.1) using the
    methylKit package (version 1.10.0). Due to compatibility issues with
    newer versions of supporting libraries, data.table was pinned to
    version 1.14.10. Methylation coverage files were imported using
    methRead() with the pipeline = “bismarkCoverage” parameter and CpG
    context specified. Six samples—three each from Cochamó (LCo_BSr1–3)
    and Yaldad (LYa_BSr1–3)—were analyzed. Samples were assigned to
    treatment groups with Cochamó designated as the control (treatment =
    0) and Yaldad as the treatment group (treatment = 1).</p>
    <p>To ensure data quality, CpG sites were filtered to retain only
    those with a minimum read coverage of 10 in all samples, excluding
    those in the top 2% of coverage values to reduce PCR bias. Sites
    were then unified across samples using unite() with min.per.group =
    3 and destrand = FALSE to retain strand-specific methylation
    information.</p>
    <sec id="exploratory-and-differential-methylation-analyses-nb-article">
      <title>Exploratory and Differential Methylation Analyses</title>
      <p>Global methylation patterns were assessed using hierarchical
      clustering (Ward’s method on correlation distance) and principal
      component analysis (PCA) to evaluate sample similarity.
      Population-level differences in DNA methylation were then tested
      using methylKit’s logistic regression model, incorporating a
      multinomial overdispersion correction (overdispersion = “MN”) to
      account for biological variability. Statistical testing was
      performed using the Chi-squared test (test = “Chisq”), and
      q-values were adjusted for multiple testing using the SLIM method
      (adjust = “SLIM”).</p>
      <p>Differentially methylated loci (DMLs) were defined as CpG sites
      with an absolute methylation difference ≥25% and FDR-adjusted
      q-value ≤ 0.05. Separate sets of DMLs were extracted to identify
      hypomethylated (lower in Yaldad) and hypermethylated (higher in
      Yaldad) loci. Results were saved as tab-delimited text files for
      downstream annotation and visualization.</p>
    </sec>
  </sec>
</sec>
<sec id="results-nb-article">
  <title>Results</title>
  <p>Bisulfite sequencing across six libraries yielded approximately
  99.8 million reads per sample. Alignment to the reference genome was
  successful for 60.5–61.4% of reads, with 22–24% unaligned and 15–16%
  aligning ambiguously. After removal of duplicate reads (2.2–3.5
  million per sample), 57.0–58.8 million uniquely aligned reads remained
  for methylation analysis.</p>
  <p>Genome-wide cytosine methylation was assessed in CpG, CHG, and CHH
  contexts. Across samples, ~2.1–2.2 billion cytosines were examined.
  CpG methylation was the most prominent, with an average of ~36 million
  methylated CpGs and ~205 million unmethylated CpGs per sample,
  corresponding to a methylation rate of approximately 15%. In contrast,
  CHG and CHH methylation was much lower, with methylation levels below
  1% in both contexts. These patterns are consistent with expectations
  for invertebrate methylomes, where methylation is primarily restricted
  to CpG sites.</p>
  <p>In total, 1117 differentially methylated loci (DMLs) were
  identified (see Methods and Supplementary Data). These DMLs were
  distributed across all chromosomes and classified as either
  hypomethylated or hypermethylated based on methylation difference.</p>
  <sec id="cell-fig-dml-chromosome-nb-article" specific-use="notebook-content">
  <code language="r script">library(ggplot2)
library(readr)
library(dplyr)

# Read methylKit output
dml &lt;- read_tsv(&quot;data/DML.txt&quot;, col_types = cols())

# Classify loci
dml &lt;- dml %&gt;%
  mutate(status = ifelse(meth.diff &gt; 0, &quot;Hypermethylated&quot;, &quot;Hypomethylated&quot;))

# Count per chromosome and status
dml_counts &lt;- dml %&gt;%
  group_by(chr, status) %&gt;%
  summarise(DMLs = n(), .groups = &quot;drop&quot;)

# Stacked bar chart
ggplot(dml_counts, aes(x = chr, y = DMLs, fill = status)) +
  geom_bar(stat = &quot;identity&quot;) +
  theme_minimal() +
  theme(axis.text.x = element_text(angle = 45, hjust = 1)) +
  labs(title = &quot;DMLs per Chromosome&quot;,
       y = &quot;Number of DMLs&quot;, x = &quot;Chromosome&quot;, fill = &quot;Status&quot;)</code>
  <fig id="fig-dml-chromosome-nb-article">
    <caption><p>Figure 2: Distribution of differentially methylated loci
    (DMLs) across chromosomes. Each bar represents the count of DMLs for
    a specific chromosome, with colors indicating whether loci are
    hypermethylated (higher in Yaldad) or hypomethylated (lower in
    Yaldad).</p></caption>
    <graphic mimetype="image" mime-subtype="png" xlink:href="index_files/figure-jats/fig-dml-chromosome-1.png" />
  </fig>
  </sec>
  <sec id="chromosome-wide-distribution-of-dmls-nb-article">
    <title>Chromosome-wide Distribution of DMLs</title>
    <p>To visualize the spatial distribution of differentially
    methylated loci across the genome, we created a comprehensive plot
    showing all chromosomes and the precise locations of DMLs within
    each chromosome. This visualization reveals the genomic landscape of
    epigenetic variation and identifies potential hotspots of
    methylation change.</p>
    <sec id="cell-fig-dml-genome-wide-nb-article" specific-use="notebook-content">
    <code language="r script">library(ggplot2)
library(readr)
library(dplyr)
library(forcats)

# Read DML data
dml &lt;- read_tsv(&quot;data/DML.txt&quot;, col_types = cols())

# Clean chromosome names and convert to factor for proper ordering
dml &lt;- dml %&gt;%
  mutate(
    chr = factor(chr, levels = paste0(&quot;Chromosome_&quot;, 1:14)),
    status = ifelse(meth.diff &gt; 0, &quot;Hypermethylated&quot;, &quot;Hypomethylated&quot;),
    # Calculate midpoint position for each DML
    position = (start + end) / 2
  )

# Create chromosome plot
ggplot(dml, aes(x = position, y = chr, color = status)) +
  geom_point(alpha = 0.7, size = 1.5) +
  scale_color_manual(values = c(&quot;Hypermethylated&quot; = &quot;#E74C3C&quot;, &quot;Hypomethylated&quot; = &quot;#3498DB&quot;)) +
  scale_y_discrete(limits = rev(levels(dml$chr))) +
  theme_minimal() +
  theme(
    panel.grid.major.y = element_line(color = &quot;gray90&quot;),
    panel.grid.minor = element_blank(),
    axis.text.x = element_text(angle = 45, hjust = 1, size = 8),
    axis.text.y = element_text(size = 10),
    legend.position = &quot;bottom&quot;,
    plot.title = element_text(hjust = 0.5, size = 14, face = &quot;bold&quot;)
  ) +
  labs(
    title = &quot;Genome-wide Distribution of Differentially Methylated Loci&quot;,
    x = &quot;Genomic Position (base pairs)&quot;,
    y = &quot;Chromosome&quot;,
    color = &quot;Methylation Status&quot;,
    caption = &quot;Each point represents a DML. Red: hypermethylated in Yaldad, Blue: hypomethylated in Yaldad&quot;
  ) +
  scale_x_continuous(labels = function(x) paste0(x/1e6, &quot; Mb&quot;))</code>
    <fig id="fig-dml-genome-wide-nb-article">
      <caption><p>Figure 3: Distribution of differentially methylated
      loci (DMLs) across all chromosomes. Each point represents a DML
      positioned by its genomic coordinates. Red points indicate
      hypermethylated loci (higher methylation in Yaldad), while blue
      points show hypomethylated loci (lower methylation in Yaldad).
      Chromosomes are arranged vertically with genomic position (in base
      pairs) on the x-axis.</p></caption>
      <graphic mimetype="image" mime-subtype="png" xlink:href="index_files/figure-jats/fig-dml-genome-wide-1.png" />
    </fig>
    </sec>
  </sec>
  <sec id="location-nb-article">
    <title>Location</title>
    <fig>
      <caption><p>heatmap</p></caption>
      <graphic mimetype="image" mime-subtype="png" xlink:href="images/dml-heatmap.png" />
    </fig>
  </sec>
  <sec id="genes-harboring-dmls-and-overall-methylation-pattern-nb-article">
    <title>Genes harboring DMLs and overall methylation pattern</title>
    <p>We identified 159 genes containing differentially methylated loci
    (DMLs). For each gene, methylation differences were calculated by
    aggregating the absolute methylation change at all DMLs mapped to
    that gene, using the output from methylKit’s logistic regression
    analysis. Summary statistics (range: −77.04% to +66.86%; SD 40.48%,
    median: −8.96%, mean: −0.68%) were computed across these gene-level
    aggregated values, indicating a shift toward hypomethylation among
    DML-associated genes.</p>
  </sec>
  <sec id="gene-ontology-go-processes-functions-and-locations-nb-article">
    <title>Gene Ontology (GO): processes, functions, and
    locations</title>
    <p>Across Biological Process terms, DML genes were most frequently
    annotated to metabolic process (71 genes; 44.7% of all DML genes)
    and to high-level developmental and cellular organization/biogenesis
    categories (each 57 genes; 35.8%). Additional frequent terms
    included nitrogen compound metabolic process (63 genes; 39.6%) and
    positive regulation of biological process (57 genes; 35.8%). For
    Molecular Function, broad binding categories predominated (binding:
    81 genes, 50.9%; protein binding: 58 genes, 36.5%), consistent with
    an overrepresentation of regulatory and interaction-prone proteins.
    Cellular Component assignments placed many targets in
    cell/intracellular compartments (cell: 104 genes, 65.4%;
    intracellular: 99 genes, 62.3%), with frequent localization to the
    cytoplasm (80 genes, 50.3%) and nucleus (53 genes, 33.3%)</p>
    <p>These patterns indicate that DMLs are concentrated in genes
    mediating metabolism, developmental programs, and cellular
    organization, with many targets residing in cytoplasmic and nuclear
    contexts where gene regulation and signal processing occur.</p>
  </sec>
  <sec id="kegg-pathways-nb-article">
    <title>KEGG pathways</title>
    <p>DML-associated genes mapped to 122 unique KEGG pathways, with
    most pathways represented by a single gene, reflecting broad
    functional dispersion rather than concentration in a small number of
    routes. Prominent pathway classes included amino acid, carbohydrate,
    lipid, and nucleotide metabolism, as well as signal transduction and
    cellular process categories. The prevalence of core metabolic routes
    aligns with the GO-based enrichment of metabolic processes and
    suggests potential epigenetic modulation of energy balance and
    biosynthesis.</p>
  </sec>
  <sec id="pfam-domains-nb-article">
    <title>Pfam domains</title>
    <p>We detected 118 unique Pfam domains among DML-associated genes,
    generally with low redundancy (most domains present in one or two
    genes), underscoring protein family diversity. Recurrently observed
    domains included the RNA recognition motif (PF00076)—implicating
    post-transcriptional regulation—alongside regulatory/interaction
    modules such as BTB/POZ (PF07707) and ankyrin repeats (PF00023). We
    also observed immunoglobulin domains (PF00047) and cytochrome P450
    families (PF00061/ PF00067), the latter consistent with roles in
    xenobiotic and lipid metabolism. Several domains of unknown function
    (DUFs) were present, indicating potentially novel or poorly
    characterized targets of methylation.</p>
  </sec>
  <sec id="directionality-of-methylation-changes-nb-article">
    <title>Directionality of methylation changes</title>
    <p>Given the negative median methylation difference, hypomethylation
    was more common among DML genes. Functionally, hypomethylated
    targets were enriched for regulatory proteins, signaling molecules,
    and transporters, whereas hypermethylated targets included
    transcription factors, metabolic enzymes, and structural proteins.
    Collectively, these patterns are consistent with widespread
    epigenetic remodeling across regulatory and metabolic layers, rather
    than changes confined to a single pathway or compartment.</p>
  </sec>
  <sec id="summary-nb-article">
    <title>Summary</title>
    <p>Together, these results show that genes harboring DMLs in Mytilus
    chilensis are functionally diverse. However, they converge on
    metabolism, development, and cellular organization, with many
    targets positioned in cytoplasmic and nuclear environments. The
    distribution of DMLs is skewed toward hypomethylation.
    DML-associated genes are dispersed across many KEGG pathways and
    contain regulatory or interaction-rich Pfam domains. These findings
    suggest a system-wide epigenetic response with potential
    consequences for metabolic control and developmental
    programming.</p>
  </sec>
</sec>
</body>



<back>
<ref-list>
  <title></title>
  <ref id="ref-yevenes2021adaptive-nb-article">
    <element-citation publication-type="article-journal">
      <person-group person-group-type="author">
        <name><surname>Yévenes</surname><given-names>M</given-names></name>
        <name><surname>Núñez-Acuña</surname><given-names>G</given-names></name>
        <name><surname>Gallardo-Escárate</surname><given-names>C</given-names></name>
        <name><surname>Gajardo</surname><given-names>G</given-names></name>
      </person-group>
      <article-title>Adaptive differences in gene expression in farm-impacted seedbeds of the native blue mussel *mytilus chilensis*</article-title>
      <source>Frontiers in Genetics</source>
      <year iso-8601-date="2021">2021</year>
      <volume>12</volume>
      <pub-id pub-id-type="doi">10.3389/fgene.2021.666539</pub-id>
      <fpage>666539</fpage>
      <lpage></lpage>
    </element-citation>
  </ref>
  <ref id="ref-yevenes2022adaptive-nb-article">
    <element-citation publication-type="article-journal">
      <person-group person-group-type="author">
        <name><surname>Yévenes</surname><given-names>M</given-names></name>
        <name><surname>Núñez-Acuña</surname><given-names>G</given-names></name>
        <name><surname>Gallardo-Escárate</surname><given-names>C</given-names></name>
        <name><surname>Gajardo</surname><given-names>G</given-names></name>
      </person-group>
      <article-title>Adaptive mitochondrial genome functioning in ecologically different farm-impacted natural seedbeds of the endemic blue mussel *mytilus chilensis*</article-title>
      <source>Comparative Biochemistry and Physiology Part D: Genomics and Proteomics</source>
      <year iso-8601-date="2022">2022</year>
      <volume>42</volume>
      <pub-id pub-id-type="doi">10.1016/j.cbd.2021.100955</pub-id>
      <fpage>100955</fpage>
      <lpage></lpage>
    </element-citation>
  </ref>
  <ref id="ref-yevenes2025decoding-nb-article">
    <element-citation publication-type="article-journal">
      <person-group person-group-type="author">
        <name><surname>Yévenes</surname><given-names>M</given-names></name>
        <name><surname>Gajardo</surname><given-names>G</given-names></name>
        <name><surname>Gallardo-Escárate</surname><given-names>C</given-names></name>
      </person-group>
      <article-title>Decoding local adaptation in the exploited native marine mussel *mytilus chilensis*: Genomic evidence from a reciprocal transplant experiment</article-title>
      <source>International Journal of Molecular Sciences</source>
      <year iso-8601-date="2025">2025</year>
      <volume>26</volume>
      <issue>3</issue>
      <pub-id pub-id-type="doi">10.3390/ijms26030931</pub-id>
      <fpage>931</fpage>
      <lpage></lpage>
    </element-citation>
  </ref>
  <ref id="ref-yevenes2023epigenetic-nb-article">
    <element-citation publication-type="article-journal">
      <person-group person-group-type="author">
        <name><surname>Yévenes</surname><given-names>M</given-names></name>
        <name><surname>Gallardo-Escárate</surname><given-names>C</given-names></name>
        <name><surname>Gajardo</surname><given-names>G</given-names></name>
      </person-group>
      <article-title>Epigenetic variation mediated by lncRNAs accounts for adaptive genomic differentiation of the endemic blue mussel *mytilus chilensis*</article-title>
      <source>Heliyon</source>
      <year iso-8601-date="2023">2023</year>
      <volume>10</volume>
      <issue>1</issue>
      <pub-id pub-id-type="doi">10.1016/j.heliyon.2023.e23695</pub-id>
      <fpage>e23695</fpage>
      <lpage></lpage>
    </element-citation>
  </ref>
  <ref id="ref-montufar2024hypoxia-nb-article">
    <element-citation publication-type="article-journal">
      <person-group person-group-type="author">
        <name><surname>Montúfar-Romero</surname><given-names>M</given-names></name>
        <name><surname>Valenzuela-Muñoz</surname><given-names>V</given-names></name>
        <name><surname>Valenzuela-Miranda</surname><given-names>D</given-names></name>
        <name><surname>Gallardo-Escárate</surname><given-names>C</given-names></name>
      </person-group>
      <article-title>Hypoxia in the blue mussel *mytilus chilensis* induces a transcriptome shift associated with endoplasmic reticulum stress, metabolism, and immune response</article-title>
      <source>Genes</source>
      <year iso-8601-date="2024">2024</year>
      <volume>15</volume>
      <issue>6</issue>
      <pub-id pub-id-type="doi">10.3390/genes15060658</pub-id>
      <fpage>658</fpage>
      <lpage></lpage>
    </element-citation>
  </ref>
  <ref id="ref-castillo2017ocean-nb-article">
    <element-citation publication-type="article-journal">
      <person-group person-group-type="author">
        <name><surname>Castillo</surname><given-names>N</given-names></name>
        <name><surname>Saavedra</surname><given-names>L M</given-names></name>
        <name><surname>Vargas</surname><given-names>C A</given-names></name>
        <name><surname>Gallardo-Escárate</surname><given-names>C</given-names></name>
        <name><surname>Détrée</surname><given-names>C</given-names></name>
      </person-group>
      <article-title>Ocean acidification and pathogen exposure modulate the immune response of the edible mussel *mytilus chilensis*</article-title>
      <source>Fish &amp; Shellfish Immunology</source>
      <year iso-8601-date="2017">2017</year>
      <volume>70</volume>
      <pub-id pub-id-type="doi">10.1016/j.fsi.2017.08.047</pub-id>
      <fpage>149</fpage>
      <lpage>155</lpage>
    </element-citation>
  </ref>
  <ref id="ref-montufar2025microbiota-nb-article">
    <element-citation publication-type="article-journal">
      <person-group person-group-type="author">
        <name><surname>Montúfar-Romero</surname><given-names>M</given-names></name>
        <name><surname>Valenzuela-Miranda</surname><given-names>D</given-names></name>
        <name><surname>Valenzuela-Muñoz</surname><given-names>V</given-names></name>
        <name><surname>Morales-Rivera</surname><given-names>M F</given-names></name>
        <name><surname>Gallardo-Escárate</surname><given-names>C</given-names></name>
      </person-group>
      <article-title>Microbiota dysbiosis in *mytilus chilensis* is induced by hypoxia, leading to molecular and functional consequences</article-title>
      <source>Microorganisms</source>
      <year iso-8601-date="2025">2025</year>
      <volume>13</volume>
      <issue>4</issue>
      <pub-id pub-id-type="doi">10.3390/microorganisms13040825</pub-id>
      <fpage>825</fpage>
      <lpage></lpage>
    </element-citation>
  </ref>
</ref-list>
</back>


</sub-article>
<sub-article article-type="notebook" id="nb-4-nb-1">
<front-stub>
<title-group>
<article-title>Site Info</article-title>
</title-group>
</front-stub>

<body>
<graphic mimetype="image" mime-subtype="png" xlink:href="http://gannet.fish.washington.edu/seashell/snaps/Monosnap_genes-2291516-supplementary.pdf_2025-08-13_09-37-33.png" />
</body>



<back>
</back>


</sub-article>
<sub-article article-type="notebook" id="nb-8-nb-2">
<front-stub>
<title-group>
<article-title>Explore Earthquakes</article-title>
</title-group>
<contrib-group>
<contrib contrib-type="author">
<name>
<surname>Wickham</surname>
<given-names>Charlotte</given-names>
</name>
<string-name>Charlotte Wickham</string-name>

</contrib>
</contrib-group>
</front-stub>

<body>
<sec specific-use="notebook-content">
<code language="r script">library(tidyverse)
</code>
<boxed-text>
  <preformat>── Attaching core tidyverse packages ──────────────────────── tidyverse 2.0.0 ──
✔ dplyr     1.1.4     ✔ readr     2.1.5
✔ forcats   1.0.0     ✔ stringr   1.5.1
✔ ggplot2   3.5.2     ✔ tibble    3.3.0
✔ lubridate 1.9.4     ✔ tidyr     1.3.1
✔ purrr     1.1.0     
── Conflicts ────────────────────────────────────────── tidyverse_conflicts() ──
✖ dplyr::filter() masks stats::filter()
✖ dplyr::lag()    masks stats::lag()
ℹ Use the conflicted package (&lt;http://conflicted.r-lib.org/&gt;) to force all conflicts to become errors</preformat>
</boxed-text>
</sec>
<p>Read a clean version of data:</p>
<sec specific-use="notebook-content">
<code language="r script">la_palma &lt;- read_csv(&quot;la-palma.csv&quot;)
</code>
<boxed-text>
  <preformat>Rows: 11347 Columns: 5
── Column specification ────────────────────────────────────────────────────────
Delimiter: &quot;,&quot;
dbl  (4): Longitude, Latitude, Depth(km), Magnitude
dttm (1): DateTime

ℹ Use `spec()` to retrieve the full column specification for this data.
ℹ Specify the column types or set `show_col_types = FALSE` to quiet this message.</preformat>
</boxed-text>
</sec>
<p>Create spatial plot:</p>
<sec id="cell-fig-spatial-plot-nb-2" specific-use="notebook-content">
<code language="r script">#|   against longitude.&quot;
la_palma |&gt; 
  ggplot(aes(Longitude, Latitude)) +
  geom_point(aes(color = Magnitude, size = 40-`Depth(km)`)) +
  scale_color_viridis_c(direction = -1) + 
  scale_size(range = c(0.5, 2), guide = &quot;none&quot;) +
  theme_bw()
</code>
<fig id="fig-spatial-plot-nb-2">
  <caption><p>Locations of earthquakes on La Palma since
  2017</p></caption>
  <graphic mimetype="image" mime-subtype="png" xlink:href="explore-earthquakes_files/figure-jats/fig-spatial-plot-1.png" />
</fig>
</sec>
<p>Y</p>
</body>



<back>
</back>


</sub-article>

</article>