{
  "hash": "a9d52713293f519bb9e84bdd49ea38ac",
  "result": {
    "engine": "jupyter",
    "markdown": "---\ntitle: \"Jbrowse\"\neditor: visual\n---\n\n```{html}\n<div id=\"lgv1\"></div>\n<!-- Pin the UMD build to a released version to avoid breakage -->\n<script src=\"https://unpkg.com/@jbrowse/react-linear-genome-view2@3.5.0/dist/react-linear-genome-view.umd.production.min.js\" crossorigin></script>\n<script>\n  const { React, createRoot, createViewState, JBrowseLinearGenomeView } = JBrowseReactLinearGenomeView\n  const state = new createViewState({\n    assembly: {\n      name: 'Assembly 1.0',\n      sequence: {\n        type: 'ReferenceSequenceTrack',\n        trackId: 'refseq',\n        adapter: {\n          type: 'IndexedFastaAdapter',\n          uri: 'https://your-server/path/genome.fa',\n          faiUri: 'https://your-server/path/genome.fa.fai'\n        }\n      }\n    },\n    tracks: [\n      {\n        type: 'QuantitativeTrack',\n        trackId: 'meth',\n        name: 'Methylation',\n        adapter: { type: 'BigWigAdapter', uri: 'https://your-server/path/track.bw' }\n      }\n    ],\n    defaultSession: {\n      name: 'Quarto session',\n      view: { id: 'linearGenomeView', type: 'LinearGenomeView', init: { assembly: 'Assembly 1.0', loc: 'Chromosome_1:1..200000', tracks: ['meth'] } }\n    }\n  })\n  createRoot(document.getElementById('lgv1')).render(React.createElement(JBrowseLinearGenomeView, { viewState: state }))\n</script>\n```\n\n",
    "supporting": [
      "Explore-genome_files/figure-jats"
    ],
    "filters": []
  }
}